no	author_id	author_name	book_id	book_name	section_id	section_name	paragraph_no	layer_type_id	layer_type_name	content
0	archimedes	Archimedes	on-spirals	On Spirals	intro	Introduction	0	ELH	GRK	Ἀρχιμήδης Δοσιθέῳ χαίρειν
1	archimedes	Archimedes	on-spirals	On Spirals	intro	Introduction	1	ELH	GRK	Τῶν ποτὶ Κόνωνα ἀποσταλέντων θεωρημάτων, ὑπὲρ ὧν ἀεὶ τὰς ἀποδείξιας ἐπιστέλλεις μοι γράψαι, τῶν μὲν πλείστων ἐν τοῖς ὑπὸ Ἡρακλείδα κομισθέντεσσιν ἔχεις γεγραμμένας, τινὰς δὲ αὐτῶν καὶ ἐν τῷδε τῷ βιβλίῳ γράψας ἐπιστέλλω τοι. Μὴ θαυμάσῃς δὲ εἰ πλείονα χρόνον ποιήσαντες ἐκδίδομες τὰς ἀποδείξιας αὐτῶν· συμβαίνει γὰρ τοῦτο γεγενῆσθαι διὰ τὸ βούλεσθαί με πρότερον διδόμεν τοῖς περὶ τὰ μαθήματα πραγματευομένοις καὶ μαστεύειν αὐτὰ προαιρουμένοις. Πόσα γὰρ τῶν ἐν γεωμετρίᾳ θεωρημάτων οὐκ εὐμέθοδα ἐν ἀρχᾷ φανέντα χρόνῳ τὰν ἐξεργασίαν λαμβάνοντι<note n="1">만일 ‘λαμβάνοντι’가 ‘λαμβάνουσιν’의 Doric 형태(?)라면, “실은 기하학의 정리들 중, 처음에는 따라가기 어렵게 보였던 얼마나 많은것들이 시간이 지나 완전한 해결을 갖게 되는가?” (Cf.Heath 번역)</note>; Κόνων μὲν οὖν οὐχ ἱκανὸν λαβὼν ἐς τὰν μάστευσιν αὐτῶν χρόνον μετάλλαξεν τὸν βίον· ἢ δῆλα ἐποίησέν κα ταῦτα πάντα εὑρὼν καὶ ἄλλα πολλὰ ἐξευρὼν καὶ ἐπὶ τὸ πλεῖον προάγαγεν γεωμετρίαν· ἐπιστάμεθα γὰρ ὑπάρξασαν αὐτῷ σύνεσιν οὐ τὰν τυχοῦσαν περὶ τὸ μάθημα καὶ φιλοπονίαν ὑπερβάλλουσαν. Μετὰ δὲ τὰν Κόνωνος τελευτὰν πολλῶν ἐτέων ἐπιγεγενημένων οὐδ' ὑφ' ἑνὸς οὐδὲν τῶν προβλημάτων αἰσθανόμεθα κεκινημένον. Βούλομαι δὲ καθ' ἓν ἕκαστον αὐτῶν προενέγκασθαι· καὶ γὰρ συμβαίνει δύο τινὰ τῶν ἐν αὐτῷ μὴ κεχωρισμένα τέλος δὲ ποθεσόμενα,<note n="2">Netz’s emendation.Cf. (Heiberg 2<sup>nd</sup> ed): δύο τινὰ τῶν ἐμαυτῷμήπω πεπερασμένων διὰ τέλους ποτιτεθῆμεν: 나 자신이 아직 완전히 끝내지 못한 것들 중의 두 개가 덧붙여진 일이 [벌어지기 때문이데]</note> ὅπως οἱ φάμενοι μὲν πάντα εὑρίσκειν, ἀπόδειξιν δὲ αὐτῶν οὐδεμίαν ἐκφέροντες ἐλέγχωνται ποθωμολογηκότες εὑρίσκειν τὰ ἀδύνατα.
2	archimedes	Archimedes	on-spirals	On Spirals	intro	Introduction	2	ELH	GRK	Ταῦτα δὴ ποῖα τῶν προβλημάτων ἐντί, καὶ τίνων τὰς ἀποδείξιας ἔχεις ἀπεσταλμένας, καὶ ποίων ἐν τῷδε τῷ βιβλίῳ κομίζομες, δοκιμάζομες ἐμφανίξαι τοι.
3	archimedes	Archimedes	on-spirals	On Spirals	intro	Introduction	3	ELH	GRK	Πρῶτον δὴ τῶν προβλημάτων ἦν· σφαίρας δοθείσας ἐπίπεδον χωρίον εὑρεῖν ἴσον τᾷ ἐπιφανείᾳ τᾶς σφαίρας. Ὃ δὴ καὶ πρῶτον ἐγένετο φανερὸν ἐκδοθέντος τοῦ περὶ τὰν σφαῖραν βιβλίου· δειχθέντος γὰρ ὅτι πάσας σφαίρας ἁ ἐπιφάνεια τετραπλασία ἐστὶ τοῦ μεγίστου κύκλου τῶν ἐν τᾷ σφαίρᾳ δῆλον ὡς δυνατόν ἐστι χωρίον ἐπίπεδον εὑρεῖν ἴσον τᾷ ἐπιφανείᾳ τᾶς σφαίρας. Δεύτερον δέ· κώνου δοθέντος ἢ κυλίνδρου σφαῖραν εὑρεῖν ἴσαν τῷ κώνῳ ἢ τῷ κυλίνδρῳ. Τρίτον δέ· τὰν δοθεῖσαν σφαῖραν ἐπιπέδῳ τεμεῖν, ὥστε τὰ τμάματα αὐτᾶς ποτ' ἄλλαλα τὸν ταχθέντα λόγον ἔχειν. Τέταρτον δέ· τὰν δοθεῖσαν σφαῖραν ἐπιπέδῳ τεμεῖν, ὥστε τὰ τμάματα τᾶς ἐπιφανείας τὸν ταχθέντα λόγον ἔχειν ποτ' ἄλλαλα. Πέμπτον δέ· τὸ δοθὲν τμᾶμα σφαίρας τῷ δοθέντι τμάματι σφαίρας ὁμοιῶσαι. Ἕκτον δέ· δύο δοθέντων τμαμάτων σφαίρας εἴτε τᾶς αὐτᾶς εἴτε ἄλλας εὑρεῖν τι τμᾶμα σφαίρας, ὃ ἐσσεῖται αὐτὸ μὲν ὁμοῖον τῷ ἑτέρῳ τῶν τμαμάτων, τὰν δὲ ἐπιφάνειαν ἴσαν ἕξει τᾷ ἐπιφανείᾳ τοῦ ἑτέρου τμάματος. Ἕβδομον· ἀπὸ τᾶς δοθείσας σφαίρας τμᾶμα ἀποτεμεῖν ἐπιπέδῳ, ὥστε τὸ τμᾶμα ποτὶ τὸν κῶνον τὸν βάσιν ἔχοντα τὰν αὐτὰν τῷ τμάματι καὶ ὕψος ἴσον τὸν ταχθέντα λόγον ἔχειν μείζονα τοῦ ὃν ἔχει τὰ τρία ποτὶ τὰ δύο.
4	archimedes	Archimedes	on-spirals	On Spirals	intro	Introduction	4	ELH	GRK	Τούτων μὲν οὖν τῶν εἰρημένων πάντων τὰς ἀποδείξιας Ἡρακλείδας ἐκόμιξεν· τὸ δὲ μετὰ ταῦτα κεχωρισμένον ψεῦδος ἦν. Ἔστι δέ· εἴ κα σφαῖρα ἐπιπέδῳ τμαθῇ εἰς ἄνισα, τὸ μεῖζον τμᾶμα ποτὶ τὸ ἔλασσον διπλασίονα λόγον ἕξει ἢ ἁ μείζων ἐπιφάνεια ποτὶ τὰν ἐλάσσονα. Ὅτι δὲ τοῦτο ψεῦδός ἐστι, διὰ τῶν προαπεσταλμένων φανερόν ἐστι· κεχώρισται γὰρ ἐν αὐτοῖς τόδε· εἴ κα σφαῖρα ἐπιπέδῳ τμαθῇ εἰς ἄνισα ποτ' ὀρθὰς διαμέτρῳ τινὶ τῶν ἐν τᾷ σφαίρᾳ, τᾶς μὲν ἐπιφανείας τὸ μεῖζον τμᾶμα ποτὶ τὸ ἔλασσον τὸν αὐτὸν ἕξει λόγον, ὃν τὸ τμᾶμα τὸ μεῖζον τᾶς διαμέτρου ποτὶ τὸ ἔλασσον, τὸ δὲ μεῖζον τμᾶμα τᾶς σφαίρας ποτὶ τὸ ἔλασσον ἐλάσσονα μὲν ἢ διπλάσιον λόγον ἔχει τοῦ ὃν ἔχει ἁ μείζων ἐπιφάνεια ποτὶ τὰν ἐλάσσονα, μείζονα δὲ ἢ ἡμιόλιον.
5	archimedes	Archimedes	on-spirals	On Spirals	intro	Introduction	5	ELH	GRK	Ἦν δὲ καὶ τὸ ἔσχατον κεχωρισμένον τῶν προβλημάτων ψεῦδος, ὅτι, εἴ κα σφαίρας τινὸς ἁ διάμετρος τμαθῇ, ὥστε τὸ ἀπὸ τοῦ μείζονος τμάματος τετράγωνον τριπλάσιον εἶμεν τοῦ τετραγώνου τοῦ ἀπὸ τοῦ ἐλάσσονος τμάματος, καὶ διὰ τοῦ σαμείου ἐπίπεδον ἀχθὲν ποτ' ὀρθὰς τᾷ διαμέτρῳ τέμνῃ τὰν σφαῖραν, τὸ τοιοῦτον τῷ εἴδει σχῆμα, οἷόν ἐστι τὸ μεῖζον τᾶς σφαίρας τμᾶμα, μέγιστόν ἐστι τῶν ἄλλων τμαμάτων τῶν ἐχόντων ἴσαν τὰν ἐπιφάνειαν. Ὅτι δὲ τοῦτο ψεῦδός ἐστι δῆλον διὰ τῶν προαπεσταλμένων θεωρημάτων· δέδεικται γὰρ ὅτι τὸ ἡμισφαίριον μέγιστόν ἐστι τῶν περιεχομένων ὑπὸ ἴσας ἐπιφανείας σφαίρας τμαμάτων.
6	archimedes	Archimedes	on-spirals	On Spirals	intro	Introduction	6	ELH	GRK	Μετὰ δὲ ταῦτα περὶ τοῦ κώνου προβεβλημένα ἐστὶ τάδε· εἴ κα ὀρθογωνίου κώνου τομὰ μενούσας τᾶς διαμέτρου περιενεχθῆ ὥστε εἶμεν ἄξονα τὰν διάμετρον, τὸ περιγραφὲν σχῆμα ὑπὸ τᾶς τοῦ ὀρθογωνίου κώνου τομᾶς κωνοειδὲς καλείσθω, καὶ εἴ κα τοῦ κωνοειδέος σχήματος ἐπίπεδον ἐπιψαύῃ, παρὰ δὲ τὸ ἐπιψαῦον ἐπίπεδον ἄλλο ἐπίπεδον ἀχθὲν ἀποτέμνῃ τι τμᾶμα τοῦ κωνοειδέος, τοῦ ἀποτμαθέντος τμάματος βάσις μὲν καλείσθω τὸ ἀποτέμνον ἐπίπεδον, κορυφὰ δὲ τὸ σαμεῖον, καθ' ὃ ἐπιψαύει τὸ ἕτερον ἐπίπεδον τοῦ κωνοειδέος. Εἰ δή κα τὸ εἰρημένον σχῆμα ἐπιπέδῳ τμαθῇ ποτ' ὀρθὰς τῷ ἄξονι, ὅτι μὲν ἁ τομὰ κύκλος ἐσσεῖται δῆλον, ὅτι δὲ τὸ ἀποτμαθὲν τμᾶμα ἡμιόλιον ἐσσεῖται τοῦ κώνου τοῦ βάσιν ἔχοντος τὰν αὐτὰν τῷ τμάματι καὶ ὕψος ἴσον, δεῖξαι δεῖ. Καὶ εἴ κα τοῦ κωνοειδέος δύο τμάματα ἀποτμαθέωντι ἐπιπέδοις ὁπωσοῦν ἀγμένοις, ὅτι μὲν οὖν αἱ τομαὶ ἐσσοῦνται ὀξυγωνίων κώνων τομαὶ δῆλον, εἴ κα τὰ ἀποτέμνοντα ἐπίπεδα μὴ ὀρθὰ ἔωντι ποτὶ τὸν ἄξονα, ὅτι δὲ τὰ τμάματα ποτ' ἄλλαλα τοῦτον ἑξοῦντι τὸν λόγον, ὃν ἔχοντι δυνάμει ποτ' ἀλλάλας αἱ ἀπὸ τᾶν κορυφᾶν αὐτῶν ἀγμέναι παρὰ τὸν ἄξονα μέχρι ἐπὶ τὰ ἐπίπεδα τὰ τέμνοντα, δεῖξαι δεῖ· τούτων δ' αἱ ἀποδείξιες οὔπω τοι ἀποστέλλονται.
7	archimedes	Archimedes	on-spirals	On Spirals	intro	Introduction	7	ELH	GRK	Μετὰ δὲ ταῦτα περὶ τᾶς ἕλικος ἦν προβεβλημένα ταῦτα· ἐντὶ δ' ὥσπερ ἄλλο τι γένος προβλημάτων οὐδὲν ἐπικοινωνέοντα τοῖς προειρημένοις· ὑπὲρ ὧν ἐν τῷδε τῷ βιβλίῳ τὰς ἀποδείξιας γεγραφήκαμές τοι. Ἔστιν δὲ τάδε· εἴ κα εὐθεῖα γραμμὰ ἐν ἐπιπέδῳ μένοντος τοῦ ἑτέρου πέρατος ἰσοταχέως περιενεχθεῖσα ἀποκατασταθῇ πάλιν ὅθεν ὥρμασεν, ἅμα δὲ τᾷ γραμμᾷ περιφερομένᾳ φέρηταί τι σαμεῖον ἰσοταχέως αὐτὸ ἑαυτῷ κατὰ τᾶς εὐθείας ἀρξάμενον ἀπὸ τοῦ μένοντος πέρατος, τὸ σαμεῖον ἕλικα γράψει ἐν τῷ ἐπιπέδῳ.
8	archimedes	Archimedes	on-spirals	On Spirals	intro	Introduction	8	ELH	GRK	Φαμὶ δὴ τὸ περιλαφθὲν χωρίον ὑπό τε τᾶς ἕλικος καὶ τᾶς εὐθείας τᾶς ἀποκατασταθείσας ὅθεν ὥρμασεν τρίτον μέρος εἶμεν τοῦ κύκλου τοῦ γραφέντος κέντρῳ μὲν τῷ μένοντι σαμείῳ, διαστήματι δὲ τᾷ εὐθείᾳ τᾷ διανυσθείσᾳ ὑπὸ τοῦ σαμείου ἐν τᾷ μιᾷ περιφορᾷ τᾶς εὐθείας.
9	archimedes	Archimedes	on-spirals	On Spirals	intro	Introduction	9	ELH	GRK	Καὶ εἴ κα τᾶς ἕλικος ἐπιψαύῃ τις εὐθεῖα κατὰ τὸ πέρας τᾶς ἕλικος τὸ ἔσχατον γενόμενον, ἄλλα δέ τις εὐθεῖα τᾷ περιαχθείσᾳ καὶ ἀποκατασταθείσᾳ γραμμᾷ ποτ' ὀρθὰς ἀχθῇ ἀπὸ τοῦ μένοντος πέρατος αὐτᾶς ὥστε ἐμπεσεῖν τᾷ ἐπιψαυούσᾳ, φαμὶ τὰν ποταχθεῖσαν εὐθεῖαν ἴσαν εἶμεν τᾷ τοῦ κύκλου περιφερείᾳ.
10	archimedes	Archimedes	on-spirals	On Spirals	intro	Introduction	10	ELH	GRK	Καὶ εἴ κα ἁ περιαγομένα γραμμὰ καὶ τὸ σαμεῖον τὸ φερόμενον κατ' αὐτᾶς πλείονας περιφορὰς περιενεχθέωντι καὶ ἀποκατασταθέωντι πάλιν ὅθεν ὥρμασαν, φαμὶ τοῦ χωρίου τοῦ ἐν τᾷ δευτέρᾳ περιφορᾷ ποτιλαφθέντος ὑπὸ τᾶς ἕλικος τὸ μὲν ἐν τᾷ τρίτᾳ ποτιλαφθὲν διπλάσιον ἐσσεῖσθαι, τὸ δὲ ἐν τᾷ τετάρτᾳ τριπλάσιον, τὸ δὲ ἐν τᾷ πέμπτᾳ τετραπλάσιον, καὶ ἀεὶ τὰ ἐν ταῖς ὕστερον περιφοραῖς ποτιλαμβανόμενα χωρία κατὰ τοὺς ἑξῆς ἀριθμοὺς πολλαπλάσια ἐσσεῖσθαι τοῦ ἐν τᾷ δευτέρᾳ περιφορᾷ ποτιλαφθέντος, τὸ δὲ ἐν τᾷ πρώτᾳ περιφορᾷ περιλαφθὲν χωρίον ἕκτον μέρος εἶμεν τοῦ ἐν τᾷ δευτέρᾳ περιφορᾷ ποτιλαφθέντος χωρίου.
11	archimedes	Archimedes	on-spirals	On Spirals	intro	Introduction	11	ELH	GRK	Καὶ εἴ κα ἐπὶ τᾶς ἕλικος τᾶς ἐν μιᾷ περιφορᾷ γεγραμμένας δύο σαμεῖα λαφθέωντι, καὶ ἀπ' αὐτῶν ἐπιζευχθέωντι εὐθεῖαι ἐπὶ τὸ μεμενακὸς πέρας τᾶς περιενεχθείσας γραμμᾶς, καὶ κύκλοι δύο γραφέωντι κέντρῳ μὲν τῷ μεμενακότι σαμείῳ, διαστημάτεσσι δὲ ταῖς ἐπιζευχθείσαις ἐπὶ τὸ μεμενακὸς πέρας τᾶς εὐθείας, καὶ ἁ ἐλάσσων τᾶν ἐπιζευχθεισᾶν ἐπεκβληθῇ, φαμὶ τὸ περιλαφθὲν χωρίον ὑπό τε τᾶς τοῦ μείζονος κύκλου περιφερείας τᾶς ἐπὶ τὰ αὐτὰ τᾷ ἕλικι μεταξὺ τᾶν εὐθειᾶν ἐούσας καὶ τᾶς ἕλικος καὶ τᾶς εὐθείας τᾶς ἐκβληθείσας ποτὶ τὸ περιλαφθὲν χωρίον ὑπό τε τᾶς τοῦ ἐλάσσονος κύκλου περιφερείας καὶ τᾶς αὐτᾶς ἕλικος καὶ τᾶς εὐθείας τᾶς ἐπιζευγνυούσας τὰ πέρατα αὐτᾶν τοῦτον ἕξειν τὸν λόγον, ὃν ἔχει ἁ ἐκ τοῦ κέντρου τοῦ ἐλάσσονος κύκλου μετὰ δύο τριταμορίων τᾶς ὑπεροχᾶς, ᾇ ὑπερέχει ἁ ἐκ τοῦ κέντρου τοῦ μείζονος κύκλου τᾶς ἐκ τοῦ κέντρου τοῦ ἐλάσσονος κύκλου ποτὶ τὰν ἐκ τοῦ κέντρου τοῦ ἐλάσσονος κύκλου μετὰ ἑνὸς τριταμορίου τᾶς εἰρημένας ὑπεροχᾶς.
12	archimedes	Archimedes	on-spirals	On Spirals	intro	Introduction	12	ELH	GRK	Τούτων δή μοι καὶ ἄλλων περὶ τᾶς ἕλικος αἱ ἀποδείξιες ἐν τῷδε τῷ βιβλίῳ γράφονται, πρόκεινται δέ, ὡς καὶ τῶν ἄλλων τῶν γεωμετρουμένων, τὰ χρείαν ἔχοντα εἰς τὰν ἀπόδειξιν αὐτῶν. Λαμβάνω δὲ καὶ ἐν τούτοις τῶν ἐν τοῖς πρότερον ἐκδεδομένοις βιβλίοις λῆμμα τόδε· τᾶν ἀνισᾶν γραμμᾶν καὶ τῶν ἀνίσων χωρίων τὰν ὑπεροχάν, ᾇ ὑπερέχει τὸ μεῖζον τοῦ ἐλάσσονος, αὐτὰν ἑαυτᾷ συντιθεμέναν δυνατὸν εἶμεν παντὸς ὑπερίσχειν τοῦ προτεθέντος τῶν ποτ' ἄλλαλα λεγομένων.
13	archimedes	Archimedes	on-spirals	On Spirals	intro	Introduction	0	KOR	KOR	아르키메데스가 도시테오스에게 즐겁게 지내길 [빌며]
14	archimedes	Archimedes	on-spirals	On Spirals	intro	Introduction	1	KOR	KOR	코논에게 부친 정리들(이것들을 위한 증명들을 작성하도록 요청하는 편지를 그대는 매번 나에게 보내고 있네) 중에서 대부분의 것들은 헤라클레이데스에 의해 전달된, 그대가 갖고 있는 [책]들에 그 증명들이 적혀 있네. 반면 그 [증명]들<note n="1">or 그 [정리]들의 어떤 [증명]들은(?)</note> 중 일부는 이 책에서도 작성하여<note n="2">or 써서 or 정리해서</note> 내가 그대에게 보내네. 그런데 그대는 우리가 그 [정리]들의 증명들을 내놓는 데 [생각보다] 더 오랜 시간을 보낸 것을 의아해하지 말게. 이것은 수학에 종사하고 그 [정리]들을 연구하고자 하는 자들에게 먼저 내가 [기회를] 주고 싶었기 때문에 일어나게 된 일이네. 실로 기하학의 정리들 중 얼마나 많은 것들이, 시간이 지나 그것들의 완전한 이해를 갖는 자에게 처음에는 따라가기 어렵게 보였는가? 코논은 사실 그 [정리]들의 연구를 위한 충분한 시간을 갖지 못한 채로 유명을 달리했네. 그렇지 않았다면 그는 그 [정리]들을 모두 발견하여 분명하게 만들었을 것이고, 다른 많은 [정리]들을 발견해 냄으로써 기하학의 대단한 진보를 이루기까지 했을 것이네. 우리는 그에게 수학에<note n="3">or 배움에</note> 관련된 예사롭지 않은 명민함과 압도적인 부지런함이 있었다는 것을 알고 있으니까 말이네. 그런데 코논이 생을 마감한 지 여러 해가 지났지만 우리는 그 문제들 중 어느 하나도, 심지어 어느 한 사람에 의해서조차 건드려지지 못한 것으로 인지하고 있네. 나는 이제 그것들 각각을 하나씩 제시하고 싶네. 실은 공교롭게도 그<note n="4">sc. 코논에게 보낸 편지</note> 안에 있는 [정리]들 중 어떤 두 개가 구분되지 않은 채 끝에 덧붙여졌기 때문인데, 그렇게 해서 [그 정리들] 모두를 발견했다고 주장은 하지만 그것들의 증명은 하나도 내놓지 않는 자들이, 불가능한 것들을 발견하겠다고 약속한 셈이 되어 논박될 것이라네.
15	archimedes	Archimedes	on-spirals	On Spirals	intro	Introduction	2	KOR	KOR	그래서 다음과 같은 것들, 즉 어떤 것들이 그 문제들에 속하는지, 어느 [문제]들의 증명들을 그대가 [이미] 편지로 받아 갖고 있는지, 어떤 것들을 이 책에서 우리가 전달하고 있는 것인지를 그대에게 밝히는 것이 적절하다고 우리는 생각하네.
16	archimedes	Archimedes	on-spirals	On Spirals	intro	Introduction	3	KOR	KOR	그 문제들 중 첫번째는 바로 이것이었네. [한] 구가 주어졌을 때, 그 구의 표면과 [넓이가] 같은 [한] 평면 면적을 찾는 것. 이것은 사실 구에 관한 책이 나오고 나서 처음으로 명백해진 것이기도 하네. 모든 구의 표면은 그 구 안에 있는 가장 큰 원의 [넓이의] 4배라는 것이 증명되고 나면, 구의 표면과 [넓이가] 같은 평면 면적을 찾는 것이 가능하다는 것은 분명하니까 말이네. 두번째는, [한] 원뿔이나 원기둥이 주어졌을 때, 그 원뿔이나 원기둥과 [부피가] 같은 [한] 구를 찾는 것. 세번째는, 주어진 구를 평면으로 잘라, 그 [구]의 절단부들이 서로에 대해 정해진 비율을 갖도록 하는 것. 네번째는, 주어진 구를 평면으로 잘라, 그 표면의 절단부들이 서로에 대해 정해진 비율을 갖도록 하는 것. 다섯번째는, [한] 구의 주어진 절단부를 [한] 구의 주어진 [다른] 절단부와 닮게 만드는 것. 여섯번째는, [한] 구의 두 절단부들이 주어졌을 때, 그것 자체는 [주어진 두] 절단부들 중 하나와 닮았지만 그것의 표면은 다른 하나의 절단부의 표면과 같은, (동일한 구이든 다른 구이든) [한] 구의 어떤 절단부를 찾는 것. 일곱번째는, 주어진 구로부터 절단부를 평면으로 잘라내어, 그 절단부가 그 절단부와 동일한 밑면을 갖고 높이가 같은 원뿔에 대해, 3이 2에 대해 갖는 비율보다 더 큰 정해진 비율을 갖도록 하는 것.
17	archimedes	Archimedes	on-spirals	On Spirals	intro	Introduction	4	KOR	KOR	언급된 이 모든 [정리]들의 증명들은 헤라클레이데스가 전달했네. 그런데 그것들 다음에 구분되어 있는 것은 거짓이었네. 그것은 다음과 같은 것이네. 만일 [한] 구가 [한] 평면에 의해 부등하게 잘린다면, 더 큰 절단부가 더 작은 절단부에 대해, [그 절단부들의] 더 큰 표면이 더 작은 표면에 대해 [갖게 될 비율의] 2제곱 비율<note n="5">or 중복 비율</note>을 갖게 될 것이다. 이것이 거짓임은 앞서 부친 것들을 통해 명백하네. 왜냐하면 그것들 가운데는 다음과 같은 것이 구분되어 있으니까 말이네. 만일 [한] 구가 그 구 안에 있는 어떤 지름에 직각으로<note n="6">or 수직으로</note> [한] 평면에 의해 부등하게 잘린다면, 그 표면의 더 큰 절단부는 더 작은 절단부에 대해, 그 지름의 더 큰 절단부가 더 작은 절단부에 대해 [갖게 될 비율과] 동일한 비율을 갖게 될 것이다. 반면, 그 구의 더 큰 절단부는 더 작은 절단부에 대해, [그 절단부들의] 더 큰 표면이 더 작은 표면에 대해 갖는 비율의 2제곱 비율보다는 작은 비율을 갖지만 1.5제곱 비율보다는 큰 비율을 갖는다.
18	archimedes	Archimedes	on-spirals	On Spirals	intro	Introduction	5	KOR	KOR	그 문제들 중 마지막으로 구분된 것도 거짓이었네. 즉, 만일 어떤 구의 지름이 잘려서 더 큰 절단부로부터 [생긴] 정사각형이 더 작은 절단부로부터 [생긴] 정사각형의 3배가 되도록 하고, [거기서 지름이 잘린] 그 점을 통과하면서 지름에 직각으로 그려진 [한] 평면이 그 구를 자른다면, [그] 구의 더 큰 절단부와 같은 꼴의 도형은, [그것과] 같은 [넓이의] 표면을 갖는 다른 절단부들 중에서 가장 크다는 것 말이네. 이것이 거짓이라는 것은 앞서 부친 정리들을 통해 분명하네. 왜냐하면 [넓이가] 같은 표면에 의해 둘러싸인 구의 절단부들 중에서 반구(半球)가 가장 크다는 것이 보여졌기 때문이네.
19	archimedes	Archimedes	on-spirals	On Spirals	intro	Introduction	6	KOR	KOR	다음으로, 원뿔에 관한 문제들은 다음과 같네. 만일 [한] 직원뿔의 [한] 절단[면]이 그 지름이 축이 되도록 고정된 채로 회전한다면, 그 직원뿔의 그 절단[면]에 의해 회전되어 그려진 도형을 ‘원뿔 곡선체’라고 부르기로 하세. 그리고 그 원뿔 곡선체 도형에 [한] 평면이 접하고, 그 접하는 평면에 평행하게 그려진 또 다른 평면이 그 원뿔 곡선체의 어떤 절단부를 잘라낸다면, 자르는 그 평면은 잘라내어진 절단부의 ‘밑면’이라고, [자르는 평면과] 다른 그 평면이 원추체에 접할 때의 그 접점은 ‘꼭지점’이라고 부르기로 하세. 그래서 만일 언급된 도형이 [한] 평면에 의해 축에 직각으로 잘린다면, 그 절단[면]이 원일 것은 분명하지만, 잘라내어진 절단부가 그 절단부와 동일한 밑면을 갖고 높이가 같은 원뿔의 1.5배일 것이라는 것은 보여야만 하네. 그리고 만일 그 원뿔 곡선체의 두 절단부들이 어떤 식으로든 그려진 [어느] 평면들에 의해 잘라내어진다면, 그 잘라내는 평면들이 축에 대해 수직이 아닐 경우, 그 절단[면]들이 예각 원뿔들의 절단[면]일 것은 분명하지만, 그 절단부들이 서로에 대해, 그것들의 꼭지점들로부터 축에 평행하게 그어져서 자르는 그 평면들에 이르는 [선]들이 서로에 대해 제곱으로서 갖는 그 비율을 갖게 될 것이라는 것은 보여야만 하네. 이것들의 증명들은 아직 그대에게 부치지 않았네.
20	archimedes	Archimedes	on-spirals	On Spirals	intro	Introduction	7	KOR	KOR	다음으로, 나선에 관한 문제들은 다음과 같은 것들이었네. 그것들은 문제들 중에서 마치 종류가 다른 어떤 것인 양, 앞서 언급된 것들과 공통된 것이 전혀 없네. 그것들을 위한 증명들을 우리는 이 책에서 그대를 위해 써 놓았네. 그것들은 다음과 같네. 만일 [한] 직선이 [한] 평면에서 한쪽 끝은 고정된 채로 같은 속도로 회전하고서 그것이 출발했던 곳으로 다시 돌아오게 되는 한편, 그 선이 회전함과 동시에 어떤 점이 그 직선을 따라 고정된 끝에서부터 출발하여 그 자체로 자기 자신과 같은 속도로 움직인다면, 그 점은 그 평면에 [한] 나선을 그릴 것이다.
21	archimedes	Archimedes	on-spirals	On Spirals	intro	Introduction	8	KOR	KOR	나는 그래서 그 나선과, 출발했던 곳으로 다시 돌아온 그 직선으로 둘러싸인 면적이, 중심은 그 고정된 점으로 하고 반지름은 그 직선(직선이 한 바퀴 회전할 때 그 점이 완주한 직선)으로 하여 그려진 원의 1/3이라고 주장하네.
22	archimedes	Archimedes	on-spirals	On Spirals	intro	Introduction	9	KOR	KOR	또한, 만일 어떤 직선이 나선에 그 나선의 마지막이 된 끝에서 접하는 한편, 다른 어떤 직선은 회전하고 돌아온 그 선에 직각으로 그 선의 고정된 끝에서부터 그 접선과 만나도록 그어진다면, 나는 그 [접선]을 향해 그어진 직선<note n="7">or 선분</note>이 그 원의 원주와 같다고 주장하네.
23	archimedes	Archimedes	on-spirals	On Spirals	intro	Introduction	10	KOR	KOR	또한, 만일 그 회전한 선과 이 선을 따라 움직이는 점이 더 여러 번 회전을 하고서 출발했던 곳으로 다시 돌아온다면, 나는 두 번째 회전에서 그 나선에 의해 추가된 면적보다, 세 번째 회전에서 추가된 면적은 2배가, 네 번째 회전에서 추가된 면적은 3배가, 다섯 번째 회전에서 추가된 면적은 4배가 될 것이라고, 그래서 매번 맨 나중 회전에서 추가되는 면적들은 두 번째 회전에서 추가된 면적보다 그 다음 수들에 따른 배수가 되는 한편, 첫 번째 회전에서 둘러싸인 면적은 두 번째 회전에서 추가된 면적의 1/6이라고 주장하네.
24	archimedes	Archimedes	on-spirals	On Spirals	intro	Introduction	11	KOR	KOR	또한, 만일 한 번 회전해서 그려진 나선 위에 두 개의 점들을 취해서, 이것들에서부터 그 회전된 선의 고정된 끝으로 직선들이 연결되고, 두 개의 원들이 중심은 그 고정된 점으로 하는 한편, 반지름들은 그 직선의 고정된 끝으로 연결된 선들로 하여 그려지며, 연결된 선들 중에 더 작은 선이 더 연장된다면<note n="8">sc. [더 큰 원의 원주에 닿도록] 더연장된다면</note>, 나는 더 큰 원의 (그 직선들 가운데 나선과 같은 쪽에 있는) 원주와, 나선과, 연장된 그 직선에 의해 둘러싸인 면적이, 더 작은 원의 원주와, 그 동일한 나선과, 그 [직선]들의 끝들을 연결하는 직선에 의해서 둘러싸인 면적에 대해 다음과 동일한 비율을 가질 것이라고 주장하네. 더 작은 원의 반지름이, 더 큰 원의 반지름이 더 작은 원의 반지름을 능가할 때의 그 능가분의 2/3만큼을 동반했을 때, 더 작은 원의 반지름이 언급된 능가분의 1/3만큼을 동반했을 때에 대해서 갖는 비율 말일세.
25	archimedes	Archimedes	on-spirals	On Spirals	intro	Introduction	12	KOR	KOR	그래서 나선에 관한 이 [정리]들과 다른 [정리]들의 증명들을 이 책에서 나는 쓰네. 그런데 기하학적으로 제시된 다른 [책]들에서도 그렇듯, 이 [정리]들<note n="9">sc. [나선에 관하여 앞서 언급된] 이 [4개의 정리]들</note>의 증명을 위해 필요한 것들이 먼저 제시되네. 나는 이 [정리]들에서도 앞서 내놓은 책들에 있는 [원리]들 가운데 하나인 다음과 같은 원리를 채택하네. 부등한 선들과 부등한 면적들 중에서 더 큰 것이 더 작은 것을 능가할 때의 그 능가분은, 바로 그것이 자기 자신에 더해지면, 서로에 대해서 [비율을 갖는 것으로] 말해지는 것들 중 주어진 모든 [크기]를 능가할 수 있다는 원리 말이네.
26	archimedes	Archimedes	on-spirals	On Spirals	intro	Introduction	0	MAT	Math	-
27	archimedes	Archimedes	on-spirals	On Spirals	intro	Introduction	1	MAT	Math	-
28	archimedes	Archimedes	on-spirals	On Spirals	intro	Introduction	2	MAT	Math	-
29	archimedes	Archimedes	on-spirals	On Spirals	intro	Introduction	3	MAT	Math	Problems: (1) To find the area of a given sphere. (2) To find a ball having the same volume as given cone or sphere. (3) To find a division $B=B_1 \sqcup B_2$ by a plane of given ball $B$ with fixed $\frac{\mr{Vol}(B_1)}{\mr{Vol}(B_2)}$. (4) To find a division $S=S_1 \sqcup S_2$ by a plane of given sphere $S$ with fixed $\frac{\mr{Area}(B_1)}{\mr{Area}(B_2)}$. (5) To find a spherical cap which has fixed radius and is similar to a given spherical cap. (6) To find a spherical cap $X$ similar to a spherical cap $X_1$ and having equal spherical surface area as another spherical cap $X_2$. (7) To find a spherical cap $X$ with fixed radius such that $\frac{\mr{Vol}(X)}{\mr{Vol}(C)} > \frac{3}{2}$, where $C$ is the cone having the same base and height as $X$.
30	archimedes	Archimedes	on-spirals	On Spirals	intro	Introduction	4	MAT	Math	False problems: (1) "If a ball and its surface are divided into two caps $B_1,B_2$ ($\mr{Vol}(B_1)<\mr{Vol}(B_2)$) and two surfaces $S_1,S_2$ by a plane, respectively, then we have $\frac{\mr{Vol}(B_2)}{\mr{Vol}(B_1)} = \left( \frac{\mr{Area}(S_2)}{\mr{Area}(S_1)} \right)^2$." In fact, we know the following: If the diameter of the ball perpendicular to the dividing plane is divided into $A_1,A_2$, then we have $\frac{S_2}{S_1} = \frac{A_2}{A_1}$. Moreover, we have $\left( \frac{\mr{Area}(S_2)}{\mr{Area}(S_1)} \right)^{1.5} < \frac{\mr{Vol}(B_2)}{\mr{Vol}(B_1)} < \left( \frac{\mr{Area}(S_2)}{\mr{Area}(S_1)} \right)^2$.
31	archimedes	Archimedes	on-spirals	On Spirals	intro	Introduction	5	MAT	Math	(2) "If $A_2^2=3A_1^2$, then $B_2$ has the greatest volume among all spherical caps having spherical surface area equal to $\mr{Area}(S_2)$." In fact, the true solution is the half-ball.
32	archimedes	Archimedes	on-spirals	On Spirals	intro	Introduction	6	MAT	Math	Cone problems: Let $P$ be the solid bounded by a paraboloid of rotation. If a plane is tangent to the paraboloid and another parallel plane cuts $P$ resulting in bounded part $P_1$, we call the cross-section the base of $P_1$ and the tangent point the vertex of $P_1$. (1) If $P_1$ is obtained by a plane perpendicular to the axis of rotation, then the base of $P_1$ is a disk. Moreover, if $C_1$ the cone having the same base and height as $P_1$, then we have $\frac{\mr{Vol}(P_1)}{\mr{Vol}(C_1)}$. (2) If $P$ is cut by two planes not perpendicular to the axis of rotation, the bases $E_1,E_2$ are ellipses. Moreover, if $l_1,l_2$ are the lengths of line segment parallel to the axis of rotation, having vertex as one end and another end on the base, then we have $\frac{\mr{Area}(E_2)}{\mr{Area}(E_1)} = \left( \frac{l_2}{l_1} \right)^2$.
33	archimedes	Archimedes	on-spirals	On Spirals	intro	Introduction	7	MAT	Math	Spiral problems: A spiral corresponds to the polar equation $r=R_0 \frac{\theta}{2\pi}$.
34	archimedes	Archimedes	on-spirals	On Spirals	intro	Introduction	8	MAT	Math	(1) [Proposition 24] The area enclosed by the spiral $r=R_0\frac{\theta}{2\pi}$ and the $x$-axis is $\frac{1}{3}\pi R_0^2$.
35	archimedes	Archimedes	on-spirals	On Spirals	intro	Introduction	9	MAT	Math	(2) [Proposition 18] The $x$-intercept of the tangent line to the spiral $r=R_0\frac{\theta}{2\pi}$ at $\theta = 2\pi$ is $-2\pi R_0$.
36	archimedes	Archimedes	on-spirals	On Spirals	intro	Introduction	10	MAT	Math	(3) [Proposition 27] Let $A_n$ be the area enclosed by the spiral $r=R_0\frac{\theta}{2\pi}$ ($2(n-1)\pi\leq\theta\leq2n\pi$). Then we have $A_n = (n-1)A_2$ for $n \geq 3$ and $A_1 = \frac{1}{6}A_2$.
37	archimedes	Archimedes	on-spirals	On Spirals	intro	Introduction	11	MAT	Math	(4) [Proposition 28] Let $(r_1,\theta_1),(r_2,\theta_2)$ ($\theta_1 < \theta_2$) be two points on the spiral and consider two areas $C,D$ of regions $\{r_1\leq r \leq R_0\frac{\theta}{2\pi}, \theta_1\leq\theta\leq\theta_@\}$ and $\{R_0\frac{\theta}{2\pi} \leq r \leq r_2, \theta_1\leq\theta\leq\theta_@\}$, respectively. Then we have $\frac{D}{C} = \frac{r_1+\frac{2}{3}(r_2 -r_1)}{r_1+\frac{1}{3}(r_2-r_1)}$.
38	archimedes	Archimedes	on-spirals	On Spirals	intro	Introduction	12	MAT	Math	-
39	archimedes	Archimedes	on-spirals	On Spirals	prop01	Proposition 1	0	ELH	GRK	Εἴ κα κατά τινος γραμμᾶς ἐνεχθῇ τι σαμεῖον ἰσοταχέως αὐτὸ ἑαυτῷ φερόμενον, καὶ λαφθέωντι ἐν αὐτᾷ δύο γραμμαί, αἱ ἀπολαφθεῖσαι τὸν αὐτὸν ἑξοῦντι λόγον ποτ' ἀλλάλας ὅνπερ οἱ χρόνοι, ἐν οἷς τὸ σαμεῖον τὰς γραμμὰς ἐπορεύθη.
40	archimedes	Archimedes	on-spirals	On Spirals	prop01	Proposition 1	1	ELH	GRK	Ἐνηνέχθω γάρ τι σαμεῖον κατὰ τᾶς ΑΒ γραμμᾶς ἰσοταχέως, καὶ λελάφθωσαν ἐν αὐτᾷ δύο γραμμαὶ αἱ ΓΔ, ΔΕ, ἔστω δὲ ὁ χρόνος, ἐν ᾧ τὰν ΓΔ γραμμὰν τὸ σαμεῖον διεπορεύθη, ὁ ΖΗ, ἐν ᾧ δὲ τὰν ΔΕ, ὁ ΗΘ. Δεικτέον ὅτι τὸν αὐτὸν ἔχοντι<note n="3">Archimedes’solecism? [Cf.Netz (2017), p.36, n.35]</note> λόγον ἁ ΓΔ γραμμὰ ποτὶ τὰν ΔΕ γραμμάν, ὃν ὁ χρόνος ὁ ΖΗ ποτὶ τὸν ΗΘ.
41	archimedes	Archimedes	on-spirals	On Spirals	prop01	Proposition 1	2	ELH	GRK	Συγκείσθωσαν γὰρ ἐκ τᾶν ΓΔ, ΔΕ γραμμᾶν αἱ ΑΔ, ΔΒ γραμμαὶ καθ' ἁντινοῦν σύνθεσιν οὕτως, ὥστε ὑπερέχειν τὰν ΑΔ τᾶς ΔΒ, καὶ ὁσάκις μὲν σύγκειται ἁ ΓΔ γραμμὰ ἐν τᾷ ΑΔ, τοσαυτάκις συγκείσθω ὁ χρόνος ὁ ΖΗ ἐν τῷ χρόνῳ τῷ ΛΗ, ὁσάκις δὲ σύγκειται ἁ ΔΕ γραμμὰ ἐν τᾷ ΔΒ, τοσαυτάκις συγκείσθω ὁ ΘΗ χρόνος ἐν τῷ ΚΗ χρόνῳ. Ἐπεὶ οὖν ὑπόκειται τὸ σαμεῖον ἰσοταχέως ἐνηνέχθαι κατὰ τᾶς ΑΒ γραμμᾶς, δῆλον ὡς, ἐν ὅσῳ χρόνῳ τὰν ΓΔ ἐνήνεκται, ἐν τοσούτῳ καὶ ἑκάσταν ἐνήνεκται τᾶν ἰσᾶν τᾷ ΓΔ· φανερὸν οὖν ὅτι καὶ συγκειμέναν τὰν ΑΔ γραμμὰν ἐν τοσούτῳ χρόνῳ ἐνήνεκται, ὅσος ἐστὶν ὁ ΛΗ χρόνος, ἐπειδὴ τοσαυτάκις σύγκειται ἅ τε ΓΔ γραμμὰ ἐν τᾷ ΑΔ γραμμᾷ καὶ ὁ ΖΗ χρόνος ἐν τῷ ΛΗ χρόνῳ.
42	archimedes	Archimedes	on-spirals	On Spirals	prop01	Proposition 1	3	ELH	GRK	Διὰ ταὐτὰ δὴ καὶ τὰν ΒΔ γραμμὰν ἐν τοσούτῳ χρόνῳ τὸ σαμεῖον ἐνήνεκται, ὅσος ἐστὶν ὁ ΚΗ χρόνος. Ἐπεὶ οὖν μείζων ἐστὶν ἁ ΑΔ γραμμὰ τᾶς ΒΔ, δῆλον ὅτι ἐν πλείονι χρόνῳ τὸ σαμεῖον τὰν ΔΑ διαπορεύεται γραμμὰν ἢ τὰν ΒΔ· ὥστε ὁ χρόνος ὁ ΛΗ μείζων ἐστὶ τοῦ ΚΗ χρόνου.
43	archimedes	Archimedes	on-spirals	On Spirals	prop01	Proposition 1	4	ELH	GRK	Ὁμοίως δὲ δειχθήσεται, καὶ εἴ κα ἐκ τῶν χρόνων τῶν ΖΗ, ΗΘ συντεθέωντι χρόνοι καθ' ἁντινοῦν σύνθεσιν, ὥστε ὑπερέχειν τὸν ἕτερον τοῦ ἑτέρου, ὅτι καὶ τᾶν ἐκ τᾶν γραμμᾶν τᾶν ΓΔ, ΔΕ κατὰ τὰν αὐτὰν σύνθεσιν συντεθεισᾶν ὑπερέξει ἁ ὁμόλογος τῷ ὑπερέχοντι χρόνῳ· δῆλον οὖν ὅτι τὸν αὐτὸν ἕξει λόγον ἁ ΓΔ ποτὶ τὰν ΔΕ, ὃν ὁ χρόνος ὁ ΖΗ ποτὶ τὸν χρόνον τὸν ΗΘ.
44	archimedes	Archimedes	on-spirals	On Spirals	prop01	Proposition 1	0	KOR	KOR	만일 어떤 선을 따라 어떤 점이 그 자체로 자기 자신과 같은 속도로 움직이면서 이동하고, 그 [선] 안에 두 개의 선들을 취하면<note n="10">or 잡으면(→ 우리말 어법상 불가능?)</note>, 그 취해진 선들은 서로에 대해서, 그 점이 그 선들만큼을 지나가는 데 걸리는 시간들이 [서로에 대해서 갖는] 비율과 동일한 비율을 가질 것이다.
45	archimedes	Archimedes	on-spirals	On Spirals	prop01	Proposition 1	1	KOR	KOR	즉, 선 ΑΒ를 따라 어떤 점이 같은 속도로 움직였다고 해 보고, 그 [선] 안에 두 개의 선들, 즉 ΓΔ, ΔΕ이 취해졌다고 해보자. 한편 그 점이 선 ΓΔ 만큼을 통과해 지나가는 데 걸린 시간을 ΖΗ라고, 선 ΔΕ 만큼을 [통과해 지나가는 데] 걸린 [시간을] ΗΘ라고 하자. 보여져야만 하는 것은, 선 ΓΔ는 선 ΔΕ에 대해서, 시간 ΖΗ가 [시간] ΗΘ에 대해서 갖는 그 비율과 동일한 비율을 갖는다는 것이다.<note n="11">[Archimedes’solecism을 번역에 반영할 경우]: “보여져야만 하는 것은, 그것들은 [서로에대해서] 동일한 비율을 갖는데, 선 ΓΔ는 선 ΔΕ에 대해서 [그 비율을 갖고], 그 비율을 시간 ΖΗ가 [시간]ΗΘ에 대해서 갖는다는 것이다.”</note>
46	archimedes	Archimedes	on-spirals	On Spirals	prop01	Proposition 1	2	KOR	KOR	[그 증명은 다음과 같다.] 어떤 식의 결합에 따라서든, 선들 ΓΔ, ΔΕ으로 선들 ΑΔ, ΔΒ가, [선] ΑΔ가 [선] ΔΒ를 능가하는 식으로 결합되도록 하자.<note n="12">‘A로 B가 결합된다’라는 말은 ‘B의 길이가 A의 길이의 배수로 표현될 수 있다’라는 것을 의미한다.</note> 그리고 선 ΓΔ가 [선] ΑΔ 안에 결합되는 횟수 만큼, 시간 ΖΗ가 시간 ΛΗ 안에 그만큼 결합되도록 하자.<note n="13">‘A가 B 안에 결합된다’라는 말은 ‘A의 길이가 B의 길이의 약수로 표현될 수 있다’라는 것을 의미한다.</note> 한편 선 ΔΕ이 [선] ΔΒ 안에 결합되는 횟수 만큼, 시간 ΘΗ가 시간 ΚΗ 안에 그만큼 결합되도록 하자. 그러면 선 ΑΒ을 따라 그 점이 같은 속도로 움직였다고 전제되고 있기 때문에, [그 점]이 [선] ΓΔ 만큼을 움직이는 시간과 같은 시간 동안에, [선] ΓΔ와 같은 [길이의 선]들 각각 만큼도 움직인다는 것이 분명하다. 그러면 결합된 선 ΑΔ 만큼도, 시간 ΛΗ 만큼의 시간 동안에 [그 점]이 움직인다는 것이 명백하다. 왜냐하면 선 ΓΔ가 선 ΑΔ 안에 결합되는 횟수 만큼으로 시간 ΖΗ도 시간 ΛΗ 안에 결합되기 때문이다.
34	archimedes	Archimedes	on-spirals	On Spirals	prop01	Proposition 1	3	KOR	KOR	그래서 동일한 방식에 의해 선 ΒΔ 만큼 역시, 시간 ΚΗ 만큼의 시간 동안에 그 점이 움직인다. 그러면 선 ΑΔ가 [선] ΒΔ보다 크기 때문에, 그 점이 선 ΔΑ 만큼을, [선] ΒΔ[를 통과해 지나가는 시간]보다 더 많은 시간 동안에 통과해 지나간다는 것이 분명하다. 따라서 시간 ΛΗ는 시간 ΚΗ보다 크다.
35	archimedes	Archimedes	on-spirals	On Spirals	prop01	Proposition 1	4	KOR	KOR	그런데 마찬가지로, 어떤 식의 결합에 따라서든 시간 ΖΗ, ΗΘ로 [어떤 두 개의] 시간들이 [둘 중] 어느 하나가 다른 하나를 능가하는 식으로 결합되는 경우에도, 동일한 그 결합 [방식]에 따라 [선들] ΓΔ, ΔΕ로 결합된 선들 중에서 역시 그 능가하는 시간에 대응되는 선이 [다른 선을] 능가할 것이라는 게 보여질 것이다. 그러므로 [선] ΓΔ가 [선] ΔΕ에 대해서, 시간 ΖΗ가 시간 ΗΘ에 대해서 [갖는] 비율과 동일한 비율을 가질 것이 분명하다.
36	archimedes	Archimedes	on-spirals	On Spirals	prop01	Proposition 1	0	MAT	Math	(the same as below but without symbols)
37	archimedes	Archimedes	on-spirals	On Spirals	prop01	Proposition 1	1	MAT	Math	Suppose that a point, tracing a line $\mathrm{AB}$ in a uniform speed, passes through intervals $\Gamma\Delta$ and $\Delta\mathrm{E}$ in time intervals $\mathrm{ZH}$ and $\mathrm{H}\Theta$, respectively. Then we have $\frac{\Gamma\Delta}{\Delta\mathrm{E}}=\frac{\mathrm{ZH}}{\mathrm{H}\Theta}$.
38	archimedes	Archimedes	on-spirals	On Spirals	prop01	Proposition 1	2	MAT	Math	$\text{\textit{Proof.}}$  Suppose that $\mr{A\Delta}=m\times \mr{\Gamma\Delta} > \mr{\Delta B} =n\times \mr{\Delta E}$ for some positive integers $m,n$. Let $\mr{\Lambda H} := m\times \mr{ZH}$ and $\mr{KH} := n\times \mr{\Theta H}$.
39	archimedes	Archimedes	on-spirals	On Spirals	prop01	Proposition 1	3	MAT	Math	Since the speed is constant, the time intervals $\mr{\Lambda H}$ and $\mr{KH}$ correspond to intervals $\mr{A\Delta}$ and $\mr{B\Delta}$, respectively. Then the assumption $\mr{A\Delta} > \mr{\Delta B}$ implies $\mr{\Lambda H} > \mr{KH}$.
40	archimedes	Archimedes	on-spirals	On Spirals	prop01	Proposition 1	4	MAT	Math	Similarly, $\mr{A\Delta} < \mr{\Delta B}$ implies $\mr{\Lambda H} < \mr{KH}$. Thus we have proved $\frac{\Gamma\Delta}{\Delta\mathrm{E}}=\frac{\mathrm{ZH}}{\mathrm{H}\Theta}$.
41	archimedes	Archimedes	on-spirals	On Spirals	prop02	Proposition 2	0	ELH	GRK	Εἴ κα δύο σαμείων ἑκατέρου κατά τινος γραμμᾶς ἐνεχθέντος μὴ τᾶς αὐτᾶς ἰσοταχέως αὐτοῦ ἑαυτῷ φερομένου λαφθέωντι ἐν ἑκατέρᾳ τᾶν γραμμᾶν δύο γραμμαί, ἇν αἵ τε πρῶται ἐν ἴσοις χρόνοις ὑπὸ τῶν σαμείων διανυέσθων καὶ αἱ δεύτεραι, τὸν αὐτὸν ἑξοῦντι λόγον ποτ' ἀλλάλας αἱ λαφθεῖσαι γραμμαί.
42	archimedes	Archimedes	on-spirals	On Spirals	prop02	Proposition 2	1	ELH	GRK	Ἔστω κατὰ τᾶς ΑΒ γραμμᾶς ἐνηνεγμένον τι σαμεῖον ἰσοταχέως αὐτὸ ἑαυτῷ καὶ ἄλλο κατὰ τᾶς ΚΛ, λελάφθωσαν δὲ ἐν τᾷ ΑΒ δύο αἱ ΓΔ, ΔΕ γραμμαί, καὶ ἐν τᾷ ΚΛ αἱ ΖΗ, ΗΘ, ἐν ἴσῳ δὲ χρόνῳ τὸ κατὰ τᾶς ΑΒ γραμμᾶς ἐνηνεγμένον σαμεῖον τὰν ΓΔ γραμμὰν διαπορευέσθω, ἐν ὅσῳ τὸ ἕτερον κατὰ τᾶς ΚΛ ἐνηνεγμένον τὰν ΖΗ, ὁμοίως δὲ καὶ τὰν ΔΕ γραμμὰν ἐν ἴσῳ διαπορευέσθω τὸ σαμεῖον, ἐν ὅσῳ τὸ ἕτερον τὰν ΗΘ. Δεικτέον ὅτι τὸν αὐτὸν ἔχει λόγον ἁ ΓΔ ποτὶ τὰν ΔΕ, ὃν ἁ ΖΗ ποτὶ τὰν ΗΘ.
43	archimedes	Archimedes	on-spirals	On Spirals	prop02	Proposition 2	2	ELH	GRK	Ἔστω δὴ ὁ χρόνος, ἐν ᾧ τὰν ΓΔ γραμμὰν διεπορεύετο τὸ σαμεῖον, ὁ ΜΝ· ἐν τούτῳ δὴ τῷ χρόνῳ καὶ τὸ ἕτερον σαμεῖον διαπορεύεται τὰν ΖΗ. Πάλιν δὴ καὶ ἐν ᾧ τὰν ΔΕ γραμμὰν διεπορεύετο τὸ σαμεῖον, ἔστω ὁ ΝΞ χρόνος· ἐν τούτῳ δὴ καὶ τὸ ἕτερον σαμεῖον διαπορεύεται τὰν ΗΘ· τὸν αὐτὸν δὴ λόγον ἑξοῦντι ἅ τε ΓΔ ποτὶ τὰν ΔΕ γραμμάν, ὃν ὁ χρόνος ὁ ΜΝ ποτὶ ΝΞ, καὶ ἁ ΖΗ ποτὶ τὰν ΗΘ, ὃν ὁ χρόνος ὁ ΜΝ ποτὶ τὸν ΝΞ. Δῆλον οὖν ὅτι τὸν αὐτὸν ἔχοντι λόγον ἁ ΓΔ ποτὶ τὰν ΔΕ, ὃν ἁ ΖΗ ποτὶ τὰν ΗΘ.
44	archimedes	Archimedes	on-spirals	On Spirals	prop02	Proposition 2	0	KOR	KOR	만일, 두 점들 각각이 어떤 선을 따라(동일하지 않은 선을 따라 그 자체로 자기 자신과 같은 속도로 움직이면서) 이동하고서, 그 선들 각각에서 두 선들(이것들 중 첫번째 선들은, 두번째 선들도 역시, 그 점들에 의해 같은 시간 동안 완주된다고 하자)이 취해지면, [각 선에서] 그 취해진 선들은 서로에 대해 동일한 비율을 가질 것이다.
45	archimedes	Archimedes	on-spirals	On Spirals	prop02	Proposition 2	1	KOR	KOR	선 ΑΒ를 따라 어떤 점이, 그리고 ΚΛ를 따라 또 다른 점이 그 자체로 자기 자신과 같은 속도로 움직였다고 하자. 한편, [선] ΑΒ 안에 두 선들 ΓΔ, ΔΕ과, [선] ΚΛ 안에 두 선들 ΖΗ, ΗΘ가 취해졌다고 하자. 또, 선 ΑΒ를 따라 움직인 점이 선 ΓΔ 만큼을 통과해 지나가는 데 걸린 그 같은 시간 동안, 선 ΚΛ를 따라 움직인 그 다른 한 [점]은 [선] ΖΗ 만큼을 [통과해 지나갔다]고 하자. 마찬가지로, 선 ΔΕ 만큼을 그 점이 통과해 지나가는 데 걸린 그 같은 [시간] 동안, 그 다른 한 [점]은 [선] ΗΘ 만큼을 [통과해 지나갔다]고 하자. 보여져야만 하는 것은, 선 ΓΔ가 선 ΔΕ에 대해서, 선 ΖΗ가 선 ΗΘ에 대해서 [갖는] 그 비율과 동일한 비율을 갖는다는 것이다.
46	archimedes	Archimedes	on-spirals	On Spirals	prop02	Proposition 2	2	KOR	KOR	그래서 선 ΓΔ 만큼을 그 점이 통과해 지나간 시간을 [시간] ΜΝ라고 하자. 바로 이 시간 동안에 그 다른 한 점도 선 ΖΗ 만큼을 통과해 지나간다. 그래서 다시 선 ΔΕ 만큼을 그 점이 통과해 지나간 [시간]도 시간 ΝΞ라고 하자. 바로 이 [시간] 동안에 그 다른 한 점도 선 ΗΘ 만큼을 통과해 지나간다. 그래서 [선] ΓΔ가 선 ΔΕ에 대해서, 시간 ΜΝ가 [시간] ΝΞ에 대해서 [갖는] 그 비율과 동일한 비율을 가질 것이고, [선] ΖΗ가 [선] ΗΘ에 대해서, 시간 ΜΝ가 [시간] ΝΞ에 대해서 [갖는] 그 비율과 [동일한 비율을 가질 것이다]. 그러므로 [선] ΓΔ가 [선] ΔΕ에 대해서, [선] ΖΗ가 [선] ΗΘ에 대해서 [갖는] 그 비율과 동일한 비율을 갖는다는 것은 분명하다.
36	archimedes	Archimedes	on-spirals	On Spirals	prop02	Proposition 2	0	MAT	Math	(the same as below but without symbols)
36	archimedes	Archimedes	on-spirals	On Spirals	prop02	Proposition 2	1	MAT	Math	Suppose that two points $p,q$ trace lines $\mr{AB}$ and $\mr{K\Lambda}$ in uniform speeds, respectively. If $p$ passes through $\mr{\Gamma\Delta}$ and $\mr{\Delta E}$ while $q$ passes through $\mr{ZH}$ and $\mr{H\Theta}$, respectively, then we have $\frac{\Gamma\Delta}{\Delta\mathrm{E}}=\frac{\mathrm{ZH}}{\mathrm{H}\Theta}$.
36	archimedes	Archimedes	on-spirals	On Spirals	prop02	Proposition 2	2	MAT	Math	$\text{\textit{Proof.}}$ Let $\mr{MN}$ be the time interval corresponding to $\mr{\Gamma\Delta}$ and $\mr{ZH}$, and $\mr{N\Xi}$ to $\mr{\Delta E}$ and $\mr{H\Theta}$. By proposition 1, we have $\frac{\Gamma\Delta}{\Delta\mathrm{E}}=\frac{\mr{MN}}{\mr{N\Xi}}=\frac{\mathrm{ZH}}{\mathrm{H}\Theta}$.
47	archimedes	Archimedes	on-spirals	On Spirals	prop03	Proposition 3	0	ELH	GRK	Κύκλων δοθέντων ὁποσωνοῦν τῷ πλήθει δυνατόν ἐστιν εὐθεῖαν λαβεῖν μείζονα ἐοῦσαν τᾶν τῶν κύκλων περιφερειᾶν.
48	archimedes	Archimedes	on-spirals	On Spirals	prop03	Proposition 3	1	ELH	GRK	Περιγραφέντος γὰρ περὶ ἕκαστον τῶν κύκλων πολυγώνου δῆλον ὡς ἁ ἐκ πασᾶν συγκειμένα τᾶν περιμέτρων εὐθεῖα μείζων ἐσσεῖται πασᾶν τᾶν τῶν κύκλων περιφερειᾶν.
49	archimedes	Archimedes	on-spirals	On Spirals	prop03	Proposition 3	0	KOR	KOR	주어진 원들이 개수가 얼마만큼이든 간에, 그 원들의 원주들보다 더 큰 [한] 직선을 취하는 것이 가능하다.
50	archimedes	Archimedes	on-spirals	On Spirals	prop03	Proposition 3	1	KOR	KOR	왜냐하면 그 원들 각각을 둘러싸는 [한] 다각형이 외접하여 그려졌을 때, 그 [다각형들의] 모든 둘레들로 결합된 직선이 그 원들의 모든 원주들보다 더 클 것이라는 것은 분명하기 때문이다.
36	archimedes	Archimedes	on-spirals	On Spirals	prop03	Proposition 3	0	MAT	Math	Given finitely many circles $C_1,\cdots,C_n$, there exists a straight line segment with length $l$ such that $l > \mr{length}(C_1) + \cdots + \mr{length}(C_n)$.
36	archimedes	Archimedes	on-spirals	On Spirals	prop03	Proposition 3	1	MAT	Math	$\text{\textit{Proof.}}$ Such line segment can be obtained by rectifying and combining the circumscribing polygons of the circles.
51	archimedes	Archimedes	on-spirals	On Spirals	prop04	Proposition 4	0	ELH	GRK	Δύο γραμμᾶν δοθεισᾶν ἀνισᾶν, εὐθείας τε καὶ κύκλου περιφερείας, δυνατόν ἐστι λαβεῖν εὐθεῖαν τᾶς μὲν μείζονος τᾶν δοθεισᾶν γραμμᾶν ἐλάσσονα, τᾶς δὲ ἐλάσσονος μείζονα.
52	archimedes	Archimedes	on-spirals	On Spirals	prop04	Proposition 4	1	ELH	GRK	Ὁσάκις γὰρ ἁ ὑπεροχά, ᾇ ὑπερέχει ἁ μείζων γραμμὰ τᾶς ἐλάσσονος, αὐτὰ ἑαυτᾷ συντιθεμένα ὑπερέξει τᾶς εὐθείας, εἰς τοσαῦτα ἴσα διαιρεθείσας τᾶς εὐθείας τὸ ἓν τμᾶμα ἔλασσον ἐσσεῖται τᾶς ὑπεροχᾶς. Εἰ μὲν οὖν κα ᾖ ἁ περιφέρεια μείζων τᾶς εὐθείας, ἑνὸς τμάματος ποτιτεθέντος ποτὶ τὰν εὐθεῖαν τᾶς μὲν ἐλάσσονος τᾶν δοθεισᾶν δῆλον ὡς μείζων ἐσσεῖται, τᾶς δὲ μείζονος ἐλάσσων· &lt;εἰ δέ κα ἐλάσσων, ἑνὸς τμάματος ποτιτεθέντος ποτὶ τὰν περιφέρειαν ὁμοίως τᾶς μὲν ἐλάσσονος μείζων ἐσσεῖται, τᾶς δὲ μείζονος ἐλάσσων·&gt;<note n="4">add. Heiberg</note> καὶ γὰρ ἁ ποτικειμένα ἐλάσσων ἐστὶ τᾶς ὑπεροχᾶς.
53	archimedes	Archimedes	on-spirals	On Spirals	prop04	Proposition 4	0	KOR	KOR	두 개의 부등한 선들([한] 직선과 [한] 원의 원주)이 주어졌을 때, 주어진 선들 중에 더 큰 것보다는 작고, 더 작은 것보다는 큰 [한] 직선을 취하는 것이 가능하다.
54	archimedes	Archimedes	on-spirals	On Spirals	prop04	Proposition 4	1	KOR	KOR	그 이유는 이렇다. 더 큰 선이 더 작은 선을 능가할 때의 그 능가분이 그 자체가 자기 자신에 [여러 번] 더해지면 그 직선을 능가하게 될 그 횟수와 같은 수 만큼으로, 그 직선이 같은 [크기의 절단부]들로 나누어졌을 경우, 그 하나의 절단부가 그 능가분보다 작을 것이다. 그러면 만일 원주가 직선보다 클 경우, 하나의 절단부가 직선에 덧붙여질 때, 주어진 [선]들 중에 더 작은 [선]보다는 더 크지만 더 큰 [선]보다는 더 작을 것이라는 것이 분명하다. &lt;반면 만일 [원주가 직선보다] 작을 경우, 하나의 절단부가 원주에 덧붙여질 때, 마찬가지로 [주어진 선들 중에] 더 작은 [선]보다는 더 크지만 더 큰 [선]보다는 더 작을 것이다.&gt; 덧붙여진 [선] 또한<note n="14">?</note> 그 능가분보다 작으니까 말이다.
36	archimedes	Archimedes	on-spirals	On Spirals	prop04	Proposition 4	0	MAT	Math	If $l_1,l_2$ are lengths of a straight line segment and a circular arc, respectively, then there exists a straight line segment with length $l$ such that $\min\{l_1,l_2\} < l < \max\{l_1,l_2\}$.
36	archimedes	Archimedes	on-spirals	On Spirals	prop04	Proposition 4	1	MAT	Math	$\text{\textit{Proof.}}$ Let $\Delta l := |l_2 - l_1|$ and $n$ a positive integer such that $n\times \Delta l > l_1$, so that $\frac{1}{n} l_1 < \Delta l$. If $l_1 < l_2$, then $l_1 < l_1 + \frac{1}{n} l_1 < l_2$. If $l_2 < l_1$, then $l_2 < l_2 + \frac{1}{n} l_1 < l_2$.
55	archimedes	Archimedes	on-spirals	On Spirals	prop05	Proposition 5	0	ELH	GRK	Κύκλου δοθέντος καὶ εὐθείας ἐπιψαυούσας τοῦ κύκλου δυνατόν ἐστιν ἀπὸ τοῦ κέντρου τοῦ κύκλου ἀγαγεῖν εὐθεῖαν ἐπὶ τὰν ἐπιψαύουσαν, ὥστε τὰν μεταξὺ τᾶς ἐπιψαυούσας καὶ τᾶς τοῦ κύκλου περιφερείας εὐθεῖαν ποτὶ τὰν ἐκ τοῦ κέντρου ἐλάσσονα λόγον ἔχειν ἢ ἁ περιφέρεια τοῦ κύκλου ἁ μεταξὺ τᾶς ἁφᾶς καὶ τᾶς διαχθείσας ποτὶ τὰν δοθεῖσαν ὁποιανοῦν κύκλου περιφέρειαν.
56	archimedes	Archimedes	on-spirals	On Spirals	prop05	Proposition 5	1	ELH	GRK	Δεδόσθω κύκλος ὁ ΑΒΓ, κέντρον δὲ αὐτοῦ τὸ Κ, καὶ ἐπιψαυέτω τοῦ κύκλου ἁ ΔΖ κατὰ τὸ Β, δεδόσθω δὲ καὶ κύκλου περιφέρεια ὁποιαοῦν· δυνατὸν δέ ἐστι τᾶς δοθείσας περιφερείας λαβεῖν τινα εὐθεῖαν μείζονα, καὶ ἔστω ἁ Ε εὐθεῖα μείζων τᾶς δοθείσας περιφερείας· ἄχθω δὲ ἀπὸ τοῦ Κ κέντρου παρὰ τὰν ΔΖ ἁ ΑΗ, καὶ κείσθω ἁ ΗΘ ἴσα τᾷ Ε νεύουσα ἐπὶ τὸ Β. Ἀπὸ δὴ τοῦ Κ κέντρου ἐπὶ τὸ Θ ἐπιζευχθεῖσα ἐκβεβλήσθω· τὸν αὐτὸν δὴ λόγον ἔχει ἁ ΘΖ ποτὶ τὰν ΘΚ, ὃν ἁ ΒΘ ποτὶ τὰν ΘΗ. Ἁ ἄρα ΖΘ ποτὶ τὰν ΘΚ ἐλάσσονα λόγον ἔχει τοῦ ὃν ἁ ΒΘ περιφέρεια ποτὶ τὰν δοθεῖσαν περιφέρειαν, διότι ἁ μὲν ΒΘ εὐθεῖα ἐλάσσων ἐστὶ τᾶς ΒΘ περιφερείας, ἁ δὲ ΘΗ μείζων τᾶς δοθείσας περιφερείας· ἐλάσσονα οὖν λόγον ἔχει καὶ ἁ ΖΘ ποτὶ τὰν ἐκ τοῦ κέντρου ἢ ἁ ΒΘ περιφέρεια ποτὶ τὰν δοθεῖσαν περιφέρειαν.
57	archimedes	Archimedes	on-spirals	On Spirals	prop05	Proposition 5	0	KOR	KOR	한 원과 그 원에 접하는 한 직선이 주어지면, 그 원의 중심으로부터 그 접선까지 한 직선을 다음과 같이 되도록 긋는 것이 가능하다. 그 접선과 그 원의 원주 사이에 있는 직선이 그 원의 반지름에 대해서, 그 접점과 [거기를] 통과해 그어진 선 사이에 있는 그 원의 그 원주가 한 원의 주어진 얼마만한 원주에 대해서든 갖는 비율보다 더 작은 비율을 갖도록 말이다.
58	archimedes	Archimedes	on-spirals	On Spirals	prop05	Proposition 5	1	KOR	KOR	한 원 ΑΒΓ가 주어졌다고 하고, 그것의 중심은 Κ라고 하자. 그리고 [선] ΔΖ가 [점] Β에서 그 원에 접하게 하자. 또한 한 원의 원주도 얼마만하든지<note n="15">북한어?</note> 간에 주어졌다고 하자. 그런데 그 주어진 원주보다 더 큰 어떤 직선을 취하는 것이 가능하고,<note n="16">정리 3에 의해</note> 직선 Ε가 그 주어진 원주보다 더 크다고 하자. 그리고 중심 Κ로부터<note n="17">‘통과하여(διά)’가 더 좋았을 표현?</note> 선 ΔΖ와 평행하게<note n="18">or 나란히</note> 선 ΑΗ가 그어졌다고 하고, 선 Ε과 [길이가] 같은 선 ΗΘ가 [점] Β를 향해 기울어져<note n="19">sc. 만일 연장되면 점 Β를 통과해 지나갈 수 있도록 기울어져</note> 놓여 있게 하자. 그래서 중심 Κ로부터 [점] Θ까지 연결된 선이 나오게 하자. 그러면 선 ΘΖ는 선 ΘΚ에 대해서, 선 ΒΘ가 ΘΗ에 대해서 [갖는] 비율과 동일한 비율을 갖는다. 그러므로 선 ΖΘ는 선 ΘΚ에 대해서, 원주 ΒΘ가 그 주어진 원주에 대해서 [갖는] 비율보다 더 작은 비율을 갖는다. 왜냐하면 직선 ΒΘ는 원주<note n="20">sc. 호(弧, arc)</note> ΒΘ보다 더 작고, 선 ΘΗ는 그 주어진 원주보다 더 크기 때문이다. 그러면 선 ΖΘ는 또한 반지름에 대해서, 원주 ΒΘ가 그 주어진 원주에 대해서 [갖는] 비율보다 더 작은 비율을 갖는다.
36	archimedes	Archimedes	on-spirals	On Spirals	prop05	Proposition 5	0	MAT	Math	(Originally without symbols) Let a circle $c$ be centered at $\mr{K}$ with radius $r$, $l$ a straight line tangent to $c$ at $B$, and $s$ a circular arc. Then there exists a ray from $K$, intersecting $c$ and $l$ at $\mr{\Theta}$ and $\mr{Z}$ respectively, such that \begin{equation*}\frac{\mr{\Theta Z}}{r} < \frac{\mr{arc} \mr{B\Theta}}{\mr{length}(s)}.\end{equation*}
36	archimedes	Archimedes	on-spirals	On Spirals	prop05	Proposition 5	1	MAT	Math	$\text{\textit{Proof.}}$ Let $\mr{E}$ be a straight line segment having greater length than $s$. And let $\mr{H}$ be a point outside $c$ such that $\mr{KH}$ is parallel to $l$. If $\mr{\Theta}$ is the intersection of $c$ and $\mr{HB}$, then we can further require $\mr{H\Theta} = \mr{length}(E)$. Let $\mr{Z}$ be the intersection of $\mr{K\Theta}$ produced and $l$. Then we have \begin{equation*}\frac{\mr{\Theta Z}}{r} = \frac{\mr{\Theta Z}}{\mr{\Theta K}} = \frac{\mr{B\Theta}}{\mr{\Theta H}} < \frac{\mr{\mr{arc}B\Theta}}{s}.\end{equation*}